District Name,AC,Organisational Mandal,Corporation,Ward Name
Thiruvananthapuram,Kazhakkoottam,Kazhakkoottam,Thiruvananthapuram,Kazhakkoottam
Thiruvananthapuram,Kazhakkoottam,Kazhakkoottam,Thiruvananthapuram,SainikSchool
Thiruvananthapuram,Kazhakkoottam,Kazhakkoottam,Thiruvananthapuram,Chanthavila
Thiruvananthapuram,Kazhakkoottam,Kazhakkoottam,Thiruvananthapuram,Kattaayikkonam
Thiruvananthapuram,Kazhakkoottam,Kazhakkoottam,Thiruvananthapuram,Njandoorkkonam
Thiruvananthapuram,Kazhakkoottam,Kazhakkoottam,Thiruvananthapuram,Powdikkonam
Thiruvananthapuram,Kazhakkoottam,Kazhakkoottam,Thiruvananthapuram,Chenkottukonam
Thiruvananthapuram,Kazhakkoottam,Kazhakkoottam,Thiruvananthapuram,Chembazhanthi
Thiruvananthapuram,Kazhakkoottam,Kazhakkoottam,Thiruvananthapuram,Karyavattom
Thiruvananthapuram,Kazhakkoottam,Kazhakkoottam,Thiruvananthapuram,Pangappara
Thiruvananthapuram,Kazhakkoottam,Kazhakkoottam,Thiruvananthapuram,Sreekaryam
Thiruvananthapuram,Kazhakkoottam,Kazhakkoottam,Thiruvananthapuram,Chellamangalam
Thiruvananthapuram,Kazhakkoottam,Kazhakkoottam,Thiruvananthapuram,Mannanthala
Thiruvananthapuram,Kazhakkoottam,Kazhakkoottam,Thiruvananthapuram,Edavakkod
Thiruvananthapuram,Kazhakkoottam,Ulloor,Thiruvananthapuram,Ulloor
Thiruvananthapuram,Kazhakkoottam,Ulloor,Thiruvananthapuram,Medical College
Thiruvananthapuram,Kazhakkoottam,Ulloor,Thiruvananthapuram,Karikkakam
Thiruvananthapuram,Kazhakkoottam,Ulloor,Thiruvananthapuram,Kadakampally
Thiruvananthapuram,Kazhakkoottam,Ulloor,Thiruvananthapuram,Anamukham
Thiruvananthapuram,Kazhakkoottam,Ulloor,Thiruvananthapuram,Akkulam
Thiruvananthapuram,Kazhakkoottam,Ulloor,Thiruvananthapuram,Cheruvaykkal
Thiruvananthapuram,Kazhakkoottam,Ulloor,Thiruvananthapuram,Alathara
Thiruvananthapuram,Kazhakkoottam,Ulloor,Thiruvananthapuram,Kuzhivila
Thiruvananthapuram,Kazhakkoottam,Ulloor,Thiruvananthapuram,Poundkadavu
Thiruvananthapuram,Kazhakkoottam,Ulloor,Thiruvananthapuram,Kulathur
Thiruvananthapuram,Kazhakkoottam,Ulloor,Thiruvananthapuram,Attipra
Thiruvananthapuram,Kazhakkoottam,Ulloor,Thiruvananthapuram,Pallithura
Thiruvananthapuram,Vattiyoorkavu,Pattom,Thiruvananthapuram,Pathirappally
Thiruvananthapuram,Vattiyoorkavu,Pattom,Thiruvananthapuram,Ambalamukku
Thiruvananthapuram,Vattiyoorkavu,Pattom,Thiruvananthapuram,Kudappanakunnu
Thiruvananthapuram,Vattiyoorkavu,Pattom,Thiruvananthapuram,Peroorkkada
Thiruvananthapuram,Vattiyoorkavu,Pattom,Thiruvananthapuram,Thurutthumoola
Thiruvananthapuram,Vattiyoorkavu,Pattom,Thiruvananthapuram,Kuravankonam
Thiruvananthapuram,Vattiyoorkavu,Pattom,Thiruvananthapuram,Muttada
Thiruvananthapuram,Vattiyoorkavu,Pattom,Thiruvananthapuram,Chettivilakam
Thiruvananthapuram,Vattiyoorkavu,Pattom,Thiruvananthapuram,Kinavoor
Thiruvananthapuram,Vattiyoorkavu,Pattom,Thiruvananthapuram,Nallanchira
Thiruvananthapuram,Vattiyoorkavu,Pattom,Thiruvananthapuram,Pattom
Thiruvananthapuram,Vattiyoorkavu,Pattom,Thiruvananthapuram,Keshavadasapuram
Thiruvananthapuram,Vattiyoorkavu,Pattom,Thiruvananthapuram,Gourishapattom
Thiruvananthapuram,Vattiyoorkavu,Pattom,Thiruvananthapuram,Kunnukuzhi
Thiruvananthapuram,Vattiyoorkavu,Pattom,Thiruvananthapuram,Nanthanakodu
Thiruvananthapuram,Vattiyoorkavu,Pattom,Thiruvananthapuram,Kannammoola
Thiruvananthapuram,Vattiyoorkavu,Vattiyoorkavu,Thiruvananthapuram,Nettayam
Thiruvananthapuram,Vattiyoorkavu,Vattiyoorkavu,Thiruvananthapuram,Kachani
Thiruvananthapuram,Vattiyoorkavu,Vattiyoorkavu,Thiruvananthapuram,Vazhottukonam
Thiruvananthapuram,Vattiyoorkavu,Vattiyoorkavu,Thiruvananthapuram,Kodunganoor
Thiruvananthapuram,Vattiyoorkavu,Vattiyoorkavu,Thiruvananthapuram,Vattiyoorkavu
Thiruvananthapuram,Vattiyoorkavu,Vattiyoorkavu,Thiruvananthapuram,Kanjirampara
Thiruvananthapuram,Vattiyoorkavu,Vattiyoorkavu,Thiruvananthapuram,Kawadiyar
Thiruvananthapuram,Vattiyoorkavu,Vattiyoorkavu,Thiruvananthapuram,Sasthamangalam
Thiruvananthapuram,Vattiyoorkavu,Vattiyoorkavu,Thiruvananthapuram,Valiyavila
Thiruvananthapuram,Thiruvananthapuram,Thiruvananthapuram Central,Thiruvananthapuram,Palayam
Thiruvananthapuram,Thiruvananthapuram,Thiruvananthapuram Central,Thiruvananthapuram,Vazhuthakkad
Thiruvananthapuram,Thiruvananthapuram,Thiruvananthapuram Central,Thiruvananthapuram,Jagathy
Thiruvananthapuram,Thiruvananthapuram,Thiruvananthapuram Central,Thiruvananthapuram,Thykkadu
Thiruvananthapuram,Thiruvananthapuram,Thiruvananthapuram Central,Thiruvananthapuram,Valiyashala
Thiruvananthapuram,Thiruvananthapuram,Thiruvananthapuram Central,Thiruvananthapuram,Arannoor
Thiruvananthapuram,Thiruvananthapuram,Thiruvananthapuram Central,Thiruvananthapuram,Manakkadu
Thiruvananthapuram,Thiruvananthapuram,Thiruvananthapuram Central,Thiruvananthapuram,Chalai
Thiruvananthapuram,Thiruvananthapuram,Thiruvananthapuram Central,Thiruvananthapuram,Fort
Thiruvananthapuram,Thiruvananthapuram,Thiruvananthapuram Central,Thiruvananthapuram,Perunthanni
Thiruvananthapuram,Thiruvananthapuram,Thiruvananthapuram Central,Thiruvananthapuram,Sreekanthaswaram
Thiruvananthapuram,Thiruvananthapuram,Thiruvananthapuram Central,Thiruvananthapuram,Thampanoor
Thiruvananthapuram,Thiruvananthapuram,Thiruvananthapuram Central,Thiruvananthapuram,Vanchiyoor
Thiruvananthapuram,Nemom,Attukal,Thiruvananthapuram,Nedunkadu
Thiruvananthapuram,Nemom,Attukal,Thiruvananthapuram,Kalady
Thiruvananthapuram,Nemom,Attukal,Thiruvananthapuram,Poongulam
Thiruvananthapuram,Nemom,Attukal,Thiruvananthapuram,Vellarr
Thiruvananthapuram,Nemom,Attukal,Thiruvananthapuram,Thiruvallam
Thiruvananthapuram,Nemom,Attukal,Thiruvananthapuram,Ambalathara
Thiruvananthapuram,Nemom,Attukal,Thiruvananthapuram,Attukal
Thiruvananthapuram,Nemom,Attukal,Thiruvananthapuram,Kalippankulam
Thiruvananthapuram,Nemom,Attukal,Thiruvananthapuram,Kamaleswaram
Thiruvananthapuram,Nemom,Nemom,Thiruvananthapuram,Thrikkannapuram
Thiruvananthapuram,Nemom,Nemom,Thiruvananthapuram,Punnakka Mugall
Thiruvananthapuram,Nemom,Nemom,Thiruvananthapuram,Poojappura
Thiruvananthapuram,Vattiyoorkavu,Vattiyoorkavu,Thiruvananthapuram,Pangode
Thiruvananthapuram,Nemom,Nemom,Thiruvananthapuram,Thirumala
Thiruvananthapuram,Nemom,Nemom,Thiruvananthapuram,Mudavanmukal
Thiruvananthapuram,Nemom,Nemom,Thiruvananthapuram,Estate
Thiruvananthapuram,Nemom,Nemom,Thiruvananthapuram,Nemom
Thiruvananthapuram,Nemom,Nemom,Thiruvananthapuram,Ponnumangalam
Thiruvananthapuram,Nemom,Nemom,Thiruvananthapuram,Melamangod
Thiruvananthapuram,Nemom,Nemom,Thiruvananthapuram,Pappanamcode
Thiruvananthapuram,Nemom,Nemom,Thiruvananthapuram,Karamana
Thiruvananthapuram,Nemom,Nemom,Thiruvananthapuram,Karumam
Thiruvananthapuram,Nemom,Nemom,Thiruvananthapuram,Punchakkari
Thiruvananthapuram,Kovalam,Kovalam,Thiruvananthapuram,Venganur
Thiruvananthapuram,Kovalam,Kovalam,Thiruvananthapuram,Port Ward
Thiruvananthapuram,Kovalam,Kovalam,Thiruvananthapuram,Vizhinjam
Thiruvananthapuram,Kovalam,Kovalam,Thiruvananthapuram,Harbor
Thiruvananthapuram,Thiruvananthapuram,Thiruvananthapuram West,Thiruvananthapuram,Poonthura
Thiruvananthapuram,Thiruvananthapuram,Thiruvananthapuram West,Thiruvananthapuram,Putthanpalli
Thiruvananthapuram,Thiruvananthapuram,Thiruvananthapuram West,Thiruvananthapuram,Beemapalli
Thiruvananthapuram,Thiruvananthapuram,Thiruvananthapuram West,Thiruvananthapuram,Valiathura
Thiruvananthapuram,Thiruvananthapuram,Thiruvananthapuram West,Thiruvananthapuram,Vallakkadavu
Thiruvananthapuram,Thiruvananthapuram,Thiruvananthapuram Central,Thiruvananthapuram,Sreevaraham
Thiruvananthapuram,Thiruvananthapuram,Thiruvananthapuram West,Thiruvananthapuram,Pettah
Thiruvananthapuram,Thiruvananthapuram,Thiruvananthapuram West,Thiruvananthapuram,Chakkai
Thiruvananthapuram,Thiruvananthapuram,Thiruvananthapuram West,Thiruvananthapuram,Vettukadu
Kollam,Chavara,Chavara,Kollam,Sakthikulangara Harbor
Kollam,Chavara,Chavara,Kollam,Sakthikulangara
Kollam,Chavara,Chavara,Kollam,Meenathu Chery
Kollam,Chavara,Chavara,Kollam,Kavanad
Kollam,Chavara,Chavara,Kollam,Vallikkeezh
Kollam,Kollam,Kollam,Kollam,Kureepuzha West
Kollam,Kollam,Thrikkadavoor,Kollam,Kureepuzha
Kollam,Kollam,Thrikkadavoor,Kollam,Neeravil
Kollam,Kollam,Thrikkadavoor,Kollam,Anchalumoodu West
Kollam,Kollam,Thrikkadavoor,Kollam,Anchalumoodu East
Kollam,Kollam,Thrikkadavoor,Kollam,Kadavoor
Kollam,Kollam,Thrikkadavoor,Kollam,Mathilil
Kollam,Kollam,Kollam,Kollam,Thevalli
Kollam,Kollam,Kollam,Kollam,Vadakkumbhagam
Kollam,Kollam,Kollam,Kollam,Ashramam
Kollam,Kollam,Kollam,Kollam,Uliyakkovil
Kollam,Kollam,Kollam,Kollam,Uliyakkovil East
Kollam,Kollam,Kollam,Kollam,Kadappakkada
Kollam,Eravipuram,Kilikolloor,Kollam,Koyikkal
Kollam,Eravipuram,Kilikolloor,Kollam,Kallumthazham
Kollam,Kollam,Thrikkadavoor,Kollam,Mangad
Kollam,Kollam,Thrikkadavoor,Kollam,Arunnottumangalam
Kollam,Kollam,Thrikkadavoor,Kollam,Chathinamkulam
Kollam,Kollam,Thrikkadavoor,Kollam,Karikkodu
Kollam,Eravipuram,Kilikolloor,Kollam,College Division
Kollam,Eravipuram,Kilikolloor,Kollam,Palakkulangara
Kollam,Eravipuram,Kilikolloor,Kollam,Ammananada
Kollam,Eravipuram,Kilikolloor,Kollam,Vadakkevila
Kollam,Eravipuram,Kilikolloor,Kollam,Pallimukku
Kollam,Eravipuram,Kilikolloor,Kollam,Ayathil
Kollam,Eravipuram,Kilikolloor,Kollam,Kilikollur
Kollam,Eravipuram,Kilikolloor,Kollam,Punthalathazham
Kollam,Eravipuram,Kilikolloor,Kollam,Palathara
Kollam,Eravipuram,Kilikolloor,Kollam,Manakkad
Kollam,Eravipuram,Eravipuram,Kollam,Kollurvila
Kollam,Eravipuram,Eravipuram,Kollam,Kayyalakkal
Kollam,Eravipuram,Eravipuram,Kollam,Valathungal
Kollam,Eravipuram,Eravipuram,Kollam,Aakkolil
Kollam,Eravipuram,Eravipuram,Kollam,Thekkumbhagam
Kollam,Eravipuram,Eravipuram,Kollam,Iravippuram
Kollam,Eravipuram,Eravipuram,Kollam,Bharanikkavu
Kollam,Eravipuram,Eravipuram,Kollam,Thekkevila
Kollam,Eravipuram,Kilikolloor,Kollam,Mundakkal
Kollam,Eravipuram,Kilikolloor,Kollam,Pattathanam
Kollam,Eravipuram,Kilikolloor,Kollam,Cantonment
Kollam,Eravipuram,Kilikolloor,Kollam,Udayamarthanda Puram
Kollam,Kollam,Kollam,Kollam,Thamarakkulam
Kollam,Kollam,Kollam,Kollam,Port
Kollam,Kollam,Kollam,Kollam,Kaikkulangara
Kollam,Kollam,Kollam,Kollam,Kacheri
Kollam,Kollam,Kollam,Kollam,Thankassery
Kollam,Kollam,Kollam,Kollam,Thirumullavaram
Kollam,Kollam,Kollam,Kollam,Mulamkadam
Kollam,Kollam,Chavara,Kollam,Aalattukavu
Kollam,Kollam,Chavara,Kollam,Kannimel West
Kollam,Kollam,Chavara,Kollam,Kannimel
Ernakulam,Kochi,Ernakulam City,Kochi,Fort Kochi
Ernakulam,Kochi,Ernakulam City,Kochi,Kalvathy
Ernakulam,Kochi,Ernakulam City,Kochi,Eeravely
Ernakulam,Kochi,Ernakulam City,Kochi,Karippalam
Ernakulam,Kochi,Ernakulam City,Kochi,Cheralai
Ernakulam,Kochi,Ernakulam City,Kochi,Mattanchery
Ernakulam,Kochi,Ernakulam City,Kochi,Chakkamadam
Ernakulam,Kochi,Ernakulam City,Kochi,Karuvelippady
Ernakulam,Ernakulam,Ernakulam City,Kochi,Island North
Ernakulam,Ernakulam,Ernakulam City,Kochi,Ravipuram
Ernakulam,Ernakulam,Ernakulam City,Kochi,Ernakulam South
Ernakulam,Ernakulam,Ernakulam City,Kochi,Gandhinagar
Ernakulam,Ernakulam,Ernakulam City,Kochi,Kathrikkadavu
Ernakulam,Ernakulam,Ernakulam City,Kochi,Ernakulam Central
Ernakulam,Ernakulam,Ernakulam City,Kochi,Ernakulam North
Ernakulam,Ernakulam,Ernakulam City,Kochi,Kaloor South
Ernakulam,Ernakulam,Ernakulam City,Kochi,Kaloor North
Ernakulam,Ernakulam,Ernakulam City,Kochi,Thrikkanarvattam
Ernakulam,Ernakulam,Ernakulam City,Kochi,Ayyappankavu
Ernakulam,Ernakulam,Ernakulam City,Kochi,Pottakkuzhi
Ernakulam,Ernakulam,Ernakulam City,Kochi,Elamakkara South
Ernakulam,Ernakulam,Ernakulam City,Kochi,Pachalam
Ernakulam,Ernakulam,Ernakulam City,Kochi,Thattazham
Ernakulam,Ernakulam,Ernakulam City,Kochi,Vaduthala West
Ernakulam,Ernakulam,Ernakulam City,Kochi,Vaduthala East
Ernakulam,Ernakulam,Ernakulam City,Kochi,Elamakkara North
Ernakulam,Ernakulam,Ernakulam City,Kochi,Puthukkalavattam
Ernakulam,Ernakulam,Ernakulam City,Kochi,Kunnumppuram
Ernakulam,Thrikkakara,Ernakulam City,Kochi,Ponekkara
Ernakulam,Thrikkakara,Ernakulam City,Kochi,Edappally
Ernakulam,Thrikkakara,Ernakulam City,Kochi,Changampuzha
Ernakulam,Thrikkakara,Ernakulam City,Kochi,Devankulangara
Ernakulam,Thrikkakara,Ernakulam City,Kochi,Palarivattam
Ernakulam,Thrikkakara,Ernakulam City,Kochi,Stadium
Ernakulam,Thrikkakara,Ernakulam City,Kochi,Karanakkodam
Ernakulam,Thrippunithura,Ernakulam City,Kochi,Puthiya Road
Ernakulam,Thrikkakara,Ernakulam City,Kochi,Padivattam
Ernakulam,Thrikkakara,Ernakulam City,Kochi,Vennala
Ernakulam,Thrikkakara,Ernakulam City,Kochi,Chakkaramparamb
Ernakulam,Thrikkakara,Ernakulam City,Kochi,Chalikkavattam
Ernakulam,Thrikkakara,Ernakulam City,Kochi,Thammanam
Ernakulam,Thrikkakara,Ernakulam City,Kochi,Elamkulam
Ernakulam,Thrikkakara,Ernakulam City,Kochi,Girinagar
Ernakulam,Thrikkakara,Ernakulam City,Kochi,Ponnurunni
Ernakulam,Thrikkakara,Ernakulam City,Kochi,Ponnurunni East
Ernakulam,Thrikkakara,Ernakulam City,Kochi,Vyttila
Ernakulam,Thrikkakara,Ernakulam City,Kochi,Poonithura
Ernakulam,Thrikkakara,Ernakulam City,Kochi,Vyttila Janatha
Ernakulam,Thrikkakara,Ernakulam City,Kochi,Kadavanthra
Ernakulam,Thrikkakara,Ernakulam City,Kochi,Panampilly Nagar
Ernakulam,Thrikkakara,Ernakulam City,Kochi,Perumanoor
Ernakulam,Ernakulam,Ernakulam City,Kochi,Konthuruthy
Ernakulam,Ernakulam,Ernakulam City,Kochi,Thevara
Ernakulam,Ernakulam,Ernakulam City,Kochi,Island South
Ernakulam,Thrippunithura,Ernakulam City,Kochi,Kadebhagam
Ernakulam,Thrippunithura,Ernakulam City,Kochi,Palluruthy East
Ernakulam,Thrippunithura,Ernakulam City,Kochi,Thazhup
Ernakulam,Thrippunithura,Ernakulam City,Kochi,Edakochi North
Ernakulam,Thrippunithura,Ernakulam City,Kochi,Edakochi South
Ernakulam,Thrippunithura,Ernakulam City,Kochi,Perumppadappu
Ernakulam,Thrippunithura,Ernakulam City,Kochi,Konam
Ernakulam,Thrippunithura,Ernakulam City,Kochi,Palluruthy Kacherippady
Ernakulam,Thrippunithura,Ernakulam City,Kochi,Nambyapuram
Ernakulam,Thrippunithura,Ernakulam City,Kochi,Palluruthy
Ernakulam,Kochi,Ernakulam City,Kochi,Pullardesham
Ernakulam,Kochi,Ernakulam City,Kochi,Tharebhagam
Ernakulam,Kochi,Ernakulam City,Kochi,Thoppumpady
Ernakulam,Kochi,Ernakulam City,Kochi,Mundamveli East
Ernakulam,Kochi,Ernakulam City,Kochi,Mundamveli
Ernakulam,Kochi,Ernakulam City,Kochi,Manassery
Ernakulam,Kochi,Ernakulam City,Kochi,Moolamkuzhi
Ernakulam,Kochi,Ernakulam City,Kochi,Chullikkal
Ernakulam,Kochi,Ernakulam City,Kochi,Nazareth
Ernakulam,Kochi,Ernakulam City,Kochi,Panayappilly
Ernakulam,Kochi,Ernakulam City,Kochi,Amaravathy
Ernakulam,Kochi,Ernakulam City,Kochi,Fort Kochi Veli
Thrissur,Thrissur,Thrissur west,Thrissur,Punkunnam
Thrissur,Thrissur,Thrissur west,Thrissur,Kuttankulangara
Thrissur,Thrissur,Thrissur west,Thrissur,Patturaikkal
Thrissur,Thrissur,Thrissur west,Thrissur,Viyyur
Thrissur,Thrissur,Thrissur west,Thrissur,Peringavu
Thrissur,Thrissur,Thrissur west,Thrissur,Ramavarmapuram
Thrissur,Thrissur,Thrissur East,Thrissur,Kuttumukku
Thrissur,Thrissur,Thrissur west,Thrissur,Villadam
Thrissur,Thrissur,Thrissur East,Thrissur,Cheroor
Thrissur,Thrissur,Thrissur East,Thrissur,Gandhinagar
Thrissur,Thrissur,Thrissur East,Thrissur,Mukkattukara
Thrissur,Thrissur,Thrissur East,Thrissur,Nettissery
Thrissur,Thrissur,ollur,Thrissur,Mullakkara
Thrissur,Thrissur,ollur,Thrissur,Mannutthi
Thrissur,Thrissur,Thrissur East,Thrissur,Ollukkara
Thrissur,Thrissur,Thrissur East,Thrissur,Krishnapuram
Thrissur,Thrissur,Thrissur East,Thrissur,Kuttanellur
Thrissur,Thrissur,Thrissur East,Thrissur,Chelakkottukara
Thrissur,Thrissur,Thrissur East,Thrissur,Kalathodu
Thrissur,Thrissur,Thrissur East,Thrissur,Paravattani
Thrissur,Thrissur,Thrissur East,Thrissur,Kizhakumppattukara
Thrissur,Thrissur,Thrissur East,Thrissur,Chembukkavu
Thrissur,Thrissur,Thrissur East,Thrissur,Mission Quarters
Thrissur,Thrissur,ollur,Thrissur,Kuriyachira
Thrissur,Thrissur,ollur,Thrissur,Valarkkavu
Thrissur,Thrissur,ollur,Thrissur,Ancheri
Thrissur,Thrissur,ollur,Thrissur,Padavarad
Thrissur,Thrissur,ollur,Thrissur,Ollur Center
Thrissur,Thrissur,ollur,Thrissur,Edakkunni
Thrissur,Thrissur,ollur,Thrissur,Thaikattussery
Thrissur,Thrissur,ollur,Thrissur,Ollur
Thrissur,Thrissur,ollur,Thrissur,Chiyyaram
Thrissur,Thrissur,ollur,Thrissur,Chiyyaram south
Thrissur,Thrissur,Thrissur East,Thrissur,Kuriyachira West
Thrissur,Thrissur,Thrissur East,Thrissur,Kannamkulangara
Thrissur,Thrissur,Thrissur west,Thrissur,Thekkinkadu
Thrissur,Thrissur,Thrissur west,Thrissur,Thiruvambady
Thrissur,Thrissur,Thrissur west,Thrissur,Kottappuram
Thrissur,Thrissur,Thrissur East,Thrissur,Poothol
Thrissur,Thrissur,Thrissur East,Thrissur,Kokkalai
Thrissur,Thrissur,Thrissur East,Thrissur,Vadukkara
Thrissur,Thrissur,ollur,Thrissur,Koorkkanchery
Thrissur,Thrissur,ollur,Thrissur,Kanimangalam
Thrissur,Thrissur,ollur,Thrissur,Panamukku
Thrissur,Thrissur,ollur,Thrissur,Neduppuzha
Thrissur,Thrissur,Thrissur west,Thrissur,Kariyattukara
Thrissur,Thrissur,Thrissur west,Thrissur,Lalur
Thrissur,Thrissur,Thrissur west,Thrissur,Aranattukara
Thrissur,Thrissur,Thrissur west,Thrissur,Kanattukara
Thrissur,Thrissur,Thrissur west,Thrissur,Ayyanthole
Thrissur,Thrissur,Thrissur west,Thrissur,Civil Station
Thrissur,Thrissur,Thrissur west,Thrissur,Olari
Thrissur,Thrissur,Thrissur west,Thrissur,Elthuruth
Thrissur,Thrissur,Thrissur west,Thrissur,Chettupuzha
Thrissur,Thrissur,Thrissur west,Thrissur,Pullazhi
Thrissur,Thrissur,Thrissur west,Thrissur,Puthurkkarra
Kozhikode,Elathoor,Elathoor,Kozhikode,Elathoor
Kozhikode,Elathoor,Elathoor,Kozhikode,Chettikulam
Kozhikode,Elathoor,Elathoor,Kozhikode,Eranjikkal
Kozhikode,Elathoor,Elathoor,Kozhikode,Puthur
Kozhikode,Elathoor,Elathoor,Kozhikode,Mokavoor
Kozhikode,Kozhikode North,Kozhikode North,Kozhikode,Kundooparamb
Kozhikode,Kozhikode North,Kozhikode North,Kozhikode,Karuvissery
Kozhikode,Kozhikode North,Kozhikode North,Kozhikode,Malaparamb
Kozhikode,Kozhikode North,Kozhikode North,Kozhikode,Thadambattu Thazham
Kozhikode,Kozhikode North,Kozhikode North,Kozhikode,Vengeri
Kozhikode,Kozhikode North,Kozhikode North,Kozhikode,Poolakkadavu
Kozhikode,Kozhikode North,Kozhikode North,Kozhikode,Paroppadi
Kozhikode,Kozhikode North,Kozhikode North,Kozhikode,Civil Station
Kozhikode,Kozhikode North,Kozhikode North,Kozhikode,Chevarambalam
Kozhikode,Kozhikode North,Kozhikode North,Kozhikode,Vellimadukunnu
Kozhikode,Kozhikode North,Kozhikode North,Kozhikode,Moozhikkal
Kozhikode,Kozhikode North,Kozhikode North,Kozhikode,Chelavoor
Kozhikode,Kozhikode North,Kozhikode North,Kozhikode,Mayanad
Kozhikode,Kozhikode North,Kozhikode North,Kozhikode,Medical College South
Kozhikode,Kozhikode North,Kozhikode North,Kozhikode,Medical College
Kozhikode,Kozhikode North,Kozhikode North,Kozhikode,Chevayur
Kozhikode,Kozhikode South,Puthiyara,Kozhikode,Kovoor
Kozhikode,Kozhikode South,Puthiyara,Kozhikode,Nellikode
Kozhikode,Kozhikode North,Kozhikode North,Kozhikode,Kudilthod
Kozhikode,Kozhikode North,Kozhikode North,Kozhikode,Kottooli
Kozhikode,Kozhikode South,Puthiyara,Kozhikode,Parayancheri
Kozhikode,Kozhikode South,Puthiyara,Kozhikode,Puthiyara
Kozhikode,Kozhikode South,Puthiyara,Kozhikode,Kuthiravattam
Kozhikode,Kozhikode South,Puthiyara,Kozhikode,Pottammal
Kozhikode,Kozhikode South,Puthiyara,Kozhikode,Kommeri
Kozhikode,Kozhikode South,Puthiyara,Kozhikode,Methottu Thazam
Kozhikode,Kozhikode South,Puthiyara,Kozhikode,Kuttiyil Thazham
Kozhikode,Kozhikode South,Puthiyara,Kozhikode,Pokkunnu
Kozhikode,Kozhikode South,Puthiyara,Kozhikode,Kinassery
Kozhikode,Kozhikode South,Puthiyara,Kozhikode,Mankavu
Kozhikode,Kozhikode South,Puthiyara,Kozhikode,Azhchavattam
Kozhikode,Kozhikode South,Kozhikode South,Kozhikode,Kallai
Kozhikode,Kozhikode South,Kozhikode South,Kozhikode,Panniyankara
Kozhikode,Kozhikode South,Kozhikode South,Kozhikode,Meenchantha
Kozhikode,Kozhikode South,Kozhikode South,Kozhikode,Thiruvannur
Kozhikode,Beypore,Beypore,Kozhikode,Areekad North
Kozhikode,Beypore,Beypore,Kozhikode,Areekad
Kozhikode,Beypore,Beypore,Kozhikode,Nallalam
Kozhikode,Beypore,Beypore,Kozhikode,Kolathara
Kozhikode,Beypore,Beypore,Kozhikode,Kundayithode
Kozhikode,Beypore,Beypore,Kozhikode,Cheruvannur East
Kozhikode,Beypore,Beypore,Kozhikode,Cheruvannur West
Kozhikode,Beypore,Beypore,Kozhikode,Beypur Port
Kozhikode,Beypore,Beypore,Kozhikode,Beypur
Kozhikode,Beypore,Beypore,Kozhikode,Maradu
Kozhikode,Beypore,Beypore,Kozhikode,Naduvattam
Kozhikode,Beypore,Beypore,Kozhikode,Naduvattam East
Kozhikode,Beypore,Beypore,Kozhikode,Arakkinar
Kozhikode,Beypore,Beypore,Kozhikode,Mathottam
Kozhikode,Kozhikode South,Kozhikode South,Kozhikode,Payyanakkal
Kozhikode,Kozhikode South,Kozhikode South,Kozhikode,Nadeenagar
Kozhikode,Kozhikode South,Kozhikode South,Kozhikode,Chakkukadavu
Kozhikode,Kozhikode South,Kozhikode South,Kozhikode,Mukhadar
Kozhikode,Kozhikode South,Kozhikode South,Kozhikode,Kuttichira
Kozhikode,Kozhikode South,Kozhikode South,Kozhikode,Chalappuram
Kozhikode,Kozhikode South,Kozhikode South,Kozhikode,Palayam
Kozhikode,Kozhikode North,Nadakkavu,Kozhikode,Mavoor Road
Kozhikode,Kozhikode North,Nadakkavu,Kozhikode,Moonnalingal
Kozhikode,Kozhikode North,Nadakkavu,Kozhikode,Thiruthiyad
Kozhikode,Kozhikode North,Nadakkavu,Kozhikode,Eranhippalam
Kozhikode,Kozhikode North,Nadakkavu,Kozhikode,Nadakkavu
Kozhikode,Kozhikode North,Nadakkavu,Kozhikode,Vellayil
Kozhikode,Kozhikode North,Nadakkavu,Kozhikode,Thoppayil
Kozhikode,Kozhikode North,Nadakkavu,Kozhikode,Chakkorathukulam
Kozhikode,Kozhikode North,Nadakkavu,Kozhikode,Karapparamb
Kozhikode,Kozhikode North,Nadakkavu,Kozhikode,East Hill
Kozhikode,Kozhikode North,Nadakkavu,Kozhikode,Athanikkal
Kozhikode,Kozhikode North,Nadakkavu,Kozhikode,Westhill
Kozhikode,Kozhikode North,Nadakkavu,Kozhikode,Edakkad
Kozhikode,Kozhikode North,Nadakkavu,Kozhikode,Puthiyangadi
Kozhikode,Elathoor,Elathoor,Kozhikode,Puthiyappa
Kannur,Azhikkode,Azhikkode,Kannur,Palliyammoola
Kannur,Azhikkode,Azhikkode,Kannur,Kunnavu
Kannur,Azhikkode,Azhikkode,Kannur,Kokkenpara
Kannur,Azhikkode,Azhikkode,Kannur,Pallikkunnu
Kannur,Azhikkode,Azhikkode,Kannur,Thalappu
Kannur,Azhikkode,Azhikkode,Kannur,Udayamkunnu
Kannur,Azhikkode,Azhikkode,Kannur,Podikundu
Kannur,Azhikkode,Azhikkode,Kannur,Kottali
Kannur,Azhikkode,Azhikkode,Kannur,Athazhakkunnu
Kannur,Azhikkode,Azhikkode,Kannur,Kakkad
Kannur,Azhikkode,Azhikkode,Kannur,Thulicheri
Kannur,Azhikkode,Azhikkode,Kannur,Kakkad North
Kannur,Azhikkode,Azhikkode,Kannur,Shadulippalli
Kannur,Edakkadu,Edakkadu,Kannur,Pallipram
Kannur,Edakkadu,Edakkadu,Kannur,Varam
Kannur,Edakkadu,Edakkadu,Kannur,Valiyannur
Kannur,Edakkadu,Edakkadu,Kannur,Chelora
Kannur,Edakkadu,Edakkadu,Kannur,Macheri
Kannur,Edakkadu,Edakkadu,Kannur,Pallippoyil
Kannur,Edakkadu,Edakkadu,Kannur,Kappad
Kannur,Kannur,Kannur,Kannur,Elayavoor North
Kannur,Kannur,Kannur,Kannur,Elayavoor South
Kannur,Kannur,Kannur,Kannur,Mundayad
Kannur,Kannur,Kannur,Kannur,Edachovva
Kannur,Kannur,Kannur,Kannur,Athirakam
Kannur,Kannur,Kannur,Kannur,Kappicheri
Kannur,Kannur,Kannur,Kannur,Melechovva
Kannur,Kannur,Kannur,Kannur,Thazhechovva
Kannur,Kannur,Kannur,Kannur,Keezhthalli
Kannur,Kannur,Edakkadu,Kannur,Thilannur
Kannur,Kannur,Edakkadu,Kannur,Aatadappa
Kannur,Kannur,Edakkadu,Kannur,Chala
Kannur,Kannur,Edakkadu,Kannur,Edakkad
Kannur,Kannur,Edakkadu,Kannur,Ezhara
Kannur,Kannur,Edakkadu,Kannur,Alinkeel
Kannur,Kannur,Edakkadu,Kannur,Kizhunna
Kannur,Kannur,Edakkadu,Kannur,Thottada
Kannur,Kannur,Edakkadu,Kannur,Adikadalayi
Kannur,Kannur,Edakkadu,Kannur,Kanjira
Kannur,Kannur,Edakkadu,Kannur,Kuruva
Kannur,Kannur,Kannur,Kannur,Padne
Kannur,Kannur,Kannur,Kannur,Vethilappalli
Kannur,Kannur,Kannur,Kannur,Neerchal
Kannur,Kannur,Kannur,Kannur,Arakkal
Kannur,Kannur,Kannur,Kannur,Chovva
Kannur,Kannur,Kannur,Kannur,Thana
Kannur,Kannur,Kannur,Kannur,South Bazar
Kannur,Kannur,Kannur,Kannur,Temple
Kannur,Kannur,Kannur,Kannur,Thayatheru
Kannur,Kannur,Kannur,Kannur,Kasanakotta
Kannur,Kannur,Kannur,Kannur,Ayikkara
Kannur,Kannur,Kannur,Kannur,Kanathur
Kannur,Kannur,Kannur,Kannur,Payyambalam
Kannur,Kannur,Kannur,Kannur,Thalikavu
Kannur,Azhikkode,Azhikkode,Kannur,Chalad
Kannur,Azhikkode,Azhikkode,Kannur,Panjikkayil
